"G0"	"G1"	"G2"	"G3"	"G4"	"G5"	"G6"	"G7"	"G8"	"G9"	"G10"	"G11"	"G12"	"G13"	"G14"	"G15"	"G16"	"G17"	"G18"	"G19"	"G20"	"G21"	"G22"	"G23"	"G24"	"G25"	"G26"	"G27"	"G28"	"G29"	"G30"	"G31"	"G32"	"G33"	"G34"	"G35"	"G36"	"G37"	"G38"	"G39"	"G40"	"G41"	"G42"	"G43"	"G44"	"G45"	"G46"	"G47"	"G48"	"G49"	"G50"	"G51"	"G52"	"G53"	"G54"	"G55"	"G56"	"G57"	"G58"	"G59"	"G60"	"G61"	"G62"	"G63"
"1"	0.948961	0.4095259	0.9265729	0.7236119	0.0691133	0.4440909	0.7872867	0.3084335	0.5818241	0.92686	0.9462531	0.5125252	0.9623217	0.3485293	0.3390945	0.0940344	0.999987	0.4183194	0.5319587	0.9765172	0.950962	0.6358578	0.4247058	0.0068325	0.5645268	0.4720309	0.3037181	0.1746747	0.1166376	0.3806636	0.7306178	0.8207012	0.9999079	0.0444402	1	1e-06	0.5969037	0.4277781	0.6022745	0.09806	0.1925119	0.7500511	0.8614313	0.5926678	0.7403202	0.8252954	0.461769	0.4458724	0.0386348	0.0820406	0.1067712	0.3214641	0.72298	0.0073893	0.2222757	0.0161519	0.2818936	0.713459	0.1928318	0.4041679	0.1487763	0.8605487	0.3369851	0.616345
"2"	1	0.5826234	0.9690973	0.6630529	0.0397432	0.0429539	0.7957703	0.2901757	0.9455166	0.945901	0.9314421	0.5271113	0.6021638	0.3705797	0.4517163	0.1768066	0.9733182	0.3666322	0.3552565	0.9882	0.8493684	0.3526981	0.3127087	0.0028725	0.579355	0.4808611	0.4344263	0.5092123	0.2030937	0.5346979	0.9115915	0.8998213	0.9999046	0.0444402	1	1.1e-06	0.9748554	0.2999092	0.6318009	0.4812316	0.1846164	0.7676285	0.8329134	0.5728024	0.7364279	0.514184	0.4412105	0.4732411	0.0386316	0.3417019	0.4805106	0.255411	0.2780722	0.0196781	0.2147365	0.5501873	1.16e-05	0.8950063	0.2056592	0.3339587	0.1899983	0.9161999	0.3446095	0.3084337
"3"	0.8260899	0.5323818	0.9016773	0.4081285	0.171699	0.8236556	0.7512507	0.6837689	0.6039229	0.8895725	0.9663798	0.525782	0.4997455	0.4520174	0.3644939	0.6193066	0.9732857	0.380772	0.3518611	0.9847112	0.9690703	0.617217	0.628841	0.0024151	0.5402106	0.4677321	0.5737148	2e-07	0.3438907	0.4518427	0.9973551	0.6085085	0.852163	0.0736189	0.6624984	6e-06	0.6178561	0.1876399	0.9094128	0.0115476	0.2191856	0.7235122	0.9094757	0.5437986	0.722116	0.7971756	0.4909326	0.5534842	4.62e-05	0.4004207	0.120829	0.3550152	0.1549918	5e-06	0.2484981	0.4995554	0.0766689	0.8113705	0.1405565	0.1479824	0.9877135	0.9050689	0.494319	0.0294635
"4"	1	0.3367587	0.9948176	0.6060879	0.0906181	0.2487766	0.8951747	0.0610681	0.7456044	0.9354075	0.9839709	0.5119128	0.9641739	0.029671	0.0509458	0.4162078	0.9733182	0.0017742	0.2659272	0.9992516	0.7600342	0.9608717	0.2011946	0.0087998	0.4525206	0.1919312	0.3773352	0.3825112	0.6916178	0.5827063	0.8538835	0.5739035	0.9999046	0.3120349	0.9956834	0.010917	0.9132209	0.1897843	0.8511205	0.00525	0.0651853	0.8678289	0.1302073	0.6883478	0.9009286	0.557288	0.3971705	0.606363	0.0386316	0.3673775	0.2600647	0.167608	0.0196014	0.2733916	0.0002115	0.6583026	0.1052794	0.9849513	0.2575991	0.3923543	0.2083915	0.6482962	0.1734084	0.148856
"5"	1	0.8267284	0.979472	0.768298	0.122141	0.8792209	0.8845046	0.0869904	0.5963712	0.9093604	0.9230378	0.4983197	0.9469618	0.2461108	0.1971038	0.0722006	0.999972	0.353124	0.5599436	0.9906494	0.9919556	0.6360411	0.4629343	0.0060921	0.2975532	0.4558314	0.768877	0.2595895	0.1097776	0.415531	0.5867808	0.46928	0.4404815	0.0782031	0.9878547	3.5e-06	0.7054924	0.7520153	0.6622027	0.5009514	0.0662409	0.6367183	0.0094279	0.5200303	0.780804	0.4753022	0.3086371	0.6895204	2.43e-05	0.2962778	0.1842982	0.0050489	0.268228	0	0.0021383	0.9038025	0.0113311	0.6952774	0	0.0009184	0.9414958	0.3889874	0.4901932	0.5077698
"6"	1	0.6515974	0.9341952	0.692919	0.0687613	0.3655753	0.7519919	0.520228	0.718127	0.9877867	0.9298425	0.5285916	0.6059044	0.5021252	0.289579	0.2766083	0.9999888	0.3193448	0.661949	0.9769178	0.9868641	0.8925474	0.4584762	0.0061019	0.3830604	0.3758631	0.7472472	0.2044249	0.166124	0.4348483	0.8416326	0.8583272	0.8228982	0.137003	0.808646	0.0616372	0.9133111	0.2724974	0.8859285	0.0199775	0.0744921	0.2768291	0.241311	0.3021641	0.813899	0.5214411	0.3857217	0.834681	0.034707	0.0820723	0.1606786	0.0002156	0.0149276	0.0006083	0.000309	0.9999998	0.0001629	0.4637263	0.4955729	0.3682736	0.4343359	0.7371426	0.3651257	0.0891505
"7"	0.7848968	0.3715861	0.9397656	0.798967	0.1168674	0.7704904	0.5583547	0.4631843	0.6808075	0.9905139	0.9690564	0.5718149	0.8969498	0.4429391	0.3474215	0.0671521	0.9999776	0.7312363	0.8963354	0.6224158	0.539023	0.6665133	0.0859636	0.0146381	0.530305	0.137749	0.0823771	0.4983564	0.2575469	0.6046393	0.8437014	0.3449382	0.8895459	0.4635668	0.7460409	0.4580291	0.9083032	0.25193	0.7278106	0.0274867	0.2236893	0.7657603	0.8773197	0.6728752	0.8067898	0.8394461	0.4658207	0.6720035	0.0386628	0.1012266	1e-07	0.0004487	0.0057376	0.0007512	0.2826373	0.5172143	2e-07	0.3033924	0.2929936	0.5525311	0.0601331	0.9253716	0.0198547	0.703381
"8"	0.6136938	0.1979239	0.9542387	0.6977609	0.4598456	0.4872849	0.5175696	0.311401	0.4026068	0.7981523	0.8947742	0.5051489	0.6534681	0.3152712	0.2722642	0.4423525	0.9996718	0.3720386	0.1979774	0.9877126	0.6964485	0.7534104	0.2607973	0.0196104	0.2218918	0.4585951	0.5160535	0.4410704	0.1538088	0.3398461	0.9985712	0.5115905	0.6096781	0.1212858	0.6864538	1.96e-05	0.4638807	0.3582478	0.814631	0.1690606	0.0904924	0.4973853	0.2823477	0.4888798	0.4514124	0.5694645	0.7167654	0.2708053	0.0387368	0.3070772	0.265743	0.0095773	0.0016348	0.0406542	0.1074045	0.2838024	6.6e-05	0.7090472	0.1024331	0.4338416	0.3557831	0.9573435	0.5804084	0.1281683
"9"	1	0.6359501	0.9341945	0.5369318	0.0610511	0.5065834	0.7364837	0.0955234	0.7767486	0.9350684	0.9287807	0.5124133	0.9936853	0.5343231	0.3370034	0.072985	0.9999857	0.2893366	0.5129017	0.9961739	0.9999993	0.8504883	0.7017779	0.0044917	0.560495	0.3372465	0.5087568	0.135152	0.1513938	0.4167676	0.9997001	0.5988092	0.7953208	0.070048	0.8390638	0.1275878	0.7963016	0.554267	0.8902571	0.0620464	0.0269382	0.6529164	0.2173636	0.6538255	0.710659	0.7350145	0.4106594	0.7506774	0.0386296	0.6126482	0.1426664	0.2997117	0.0195989	0.0007499	0.0377487	0.4464328	8.7e-06	0.8991731	0.1869663	0.317256	0.1747789	0.7491628	0.5004756	0.4994424
"10"	0.7322431	0.2990264	0.9185154	0.6261828	0.250648	0.8153735	0.7734708	0.7722605	0.5364545	0.8497821	0.921554	0.5274414	0.8606565	0.6262898	0.3043455	0.3064346	0.9999464	0.7861771	0.4938484	0.4702173	0.9732508	0.8323594	0.4461511	0.0108422	0.5616371	0.4676896	0.3985212	0.3643866	0.1123586	0.3586252	0.9997206	0.3272147	1	0.3770376	0.8678255	0.2065073	0.9297816	0.8048224	0.6134179	0.2921346	0.1362917	0.5414535	0.2022653	0.4257616	0.7696871	0.4777809	0.3703089	0.3532677	4.63e-05	0.6544623	0.2271787	0.2193335	0	0.4250652	0.1099526	0.886841	0.0392976	0.5424399	0	0.007502	0.9999942	0.9992655	0.7619768	0.0704002
"11"	1	0.3068742	0.9862541	0.5711412	0.1845767	0.8624993	0.8828694	0.0930401	0.4408937	0.8639518	0.9029877	0.4709884	0.9286698	0.3511872	0.2898315	0.1328074	0.9733033	0.8378499	0.9096774	0.3364071	0.883345	0.9204825	0.3509508	0.0071103	0.5351817	0.4858426	0.2906611	0.1924043	0.4879242	0.7684245	0.9978015	0.5436212	0.6437383	0.0722241	0.6730664	4.8e-06	0.6933088	0.5110775	0.8625095	0.1303038	0.0698055	0.8811972	0.1265692	0.4858574	0.6840712	0.8023501	0.442115	0.46472	2.42e-05	0.3629964	0.0115832	0.1068521	0	0	0	0.297057	0	0.7713825	0.007721	0.1240108	0.9999913	0.9992656	0.6832406	0.2693471
"12"	0.8557805	0.2514093	0.9086915	0.8610234	0.170409	0.8088461	0.8949388	0.713637	0.4262905	0.9142455	0.97107	0.584537	0.8934403	0.202512	0.1636108	0.3605639	0.973303	0.5017069	0.6826739	0.9465757	0.9525856	0.8633417	0.4514294	0.0066406	0.5897994	0.2498446	0.5285581	0.3326198	0.1203036	0.4530067	0.8801949	0.4292484	0.9999148	0.1022161	0.9999992	4.1e-05	0.9611848	0.4194508	0.5768377	0.2569241	0.1333613	0.9347981	0.5137039	0.6633649	0.7797616	0.6570264	0.3989044	0.4081515	0.0386512	0.024437	0.0523121	8.8e-06	0.008912	0.0007507	0.1898317	0.5027502	1.8e-05	0.7542754	0.495415	0.4936122	0.2222637	0.7795434	0.1891178	0.2156363
"13"	0.8340937	0.5873514	0.9036416	0.5936012	0.0720889	0.6473897	0.5190691	0.7704118	0.5859855	0.8824139	0.9245233	0.5202823	0.9327891	0.1722995	0.0482194	0.3232012	0.9999755	0.3525135	0.880201	0.9906168	0.5229079	0.9202261	0.4575395	0.0192506	0.3323103	0.4724442	0.2992284	0.4364976	0.0023701	0.5694342	0.7375858	0.1829436	1	0.0789793	0.6248403	0.0916074	0.3343186	0.1800376	0.4527057	0.0573423	0.251856	0.642499	0.9638417	0.4534369	0.507336	0.4210559	0.5378361	0.4022882	3.77e-05	0.6293935	0.1011663	0.32108	0.3380159	0.3039026	0.0543281	0.0841334	0	0.9998906	0.1513338	1e-07	0.886769	0.9831874	0.6907239	0.1920551
"14"	0.532916	0.4204199	0.7907723	0.805278	0.2946727	0.5732792	0.1732989	0.7467996	0.7289878	0.8580521	0.9324865	0.6099464	0.6228988	0.611796	0.1611479	0.5826845	0.9729635	0.4597154	0.6611177	0.9559278	0.9562499	0.793187	0.4299416	0.0216085	0.5247695	0.1408918	0.6974703	0.3160196	0.2785915	0.757401	0.9909556	0.9371403	0.9999504	0.0878028	0.9598863	8e-06	0.8789178	0.583986	0.6240763	0.0061052	0.322726	0.6311372	0.9905527	0.3138657	0.7557026	0.8001054	0.795524	0.2208814	0.0388295	0.1519171	0.0015431	0.0481701	0.0007971	0.297268	0	0.2167289	0.1512877	0.5290861	0.7043365	0.7502255	0.4564166	0.7041614	0.3767804	0.2744344
"15"	0.7793928	0.2767893	0.8891303	0.8844319	0.3483841	0.4742941	0.6033582	0.3710932	0.3616783	0.8756611	0.8815037	0.5158065	0.7682342	0.4419032	0.3154159	0.3483556	0.9732614	0.2999638	0.4056806	0.993366	0.9165974	0.8665543	0.3887198	0.0079602	0.5702752	0.4845845	0.3253835	0.1298712	0.2019255	0.4981268	0.9986744	0.7199559	0.8013993	0.2628958	0.9997739	0.0020134	0.2671426	0.1514574	0.681578	0.0534795	0.0831976	0.4691972	0.2517542	0.574178	0.4711783	0.4196551	0.6144394	0.3720993	5.8e-05	0.2659074	0.0044322	0.0715714	0.1354677	0	0.0008355	0.9964413	0.3242274	0.6585819	0.0330665	0.1909802	0.8260085	0.9983771	0.756065	0.2280864
"16"	0.774296	0.1509126	0.9161433	0.7594561	0.1530585	0.3245048	0.3405632	0.5409296	0.7177143	0.902088	0.9396764	0.6533035	0.9551369	0.6546796	0.3480797	0.051457	0.9999623	0.7242134	0.9180723	0.5405206	0.8569345	0.5956982	0.319383	0.0033169	0.1824661	0.3299872	0.5724246	0.3753378	0.0242765	0.3313104	0.7161596	0.3907531	0.9285923	0.0874569	0.8100621	0.2887033	0.8418146	0.5032348	0.5245118	0.0066794	0.0613182	0.8455629	0.1637605	0.7402834	0.9265848	0.5875761	0.5115066	0.5063751	5.27e-05	0.4767252	0.2543789	3e-06	0	0	0.1499953	1	0	0.5483754	0	2e-07	0.8958592	0.8368664	0.4855519	0.0656391
"17"	0.8189527	0.2266308	0.8998892	0.8135462	0.071418	0.8342744	0.7067054	0.185275	0.9494216	0.9960539	0.945069	0.7064196	0.9146911	0.1869895	0.2447136	0.4574336	0.9999705	0.2779146	0.3525132	0.9354566	0.8227141	0.9167195	0.277318	0.0102439	0.4373481	0.3370596	0.2987217	0.2485954	0.384081	0.6136955	0.9962511	0.8563998	1	0.0626763	0.8849497	3.7e-06	0.5585766	0.2455934	0.7170422	0.0257367	0.2161985	0.6114361	0.7789851	0.4726734	0.784266	0.8319637	0.5264489	0.3873503	4.93e-05	0.6956169	0.1470617	0.2552669	0	0	0	0.635854	0.1049296	0.7736115	0.2653218	0.0378204	0.9999789	0.9992664	0.4953248	0.2962225
"18"	1	0.3419348	0.9532377	0.9049573	0.0401967	0.7014549	0.4971133	0.4415739	0.9082777	0.9458425	0.9620765	0.8444157	0.739933	0.3274906	0.0484973	0.7027419	0.9733182	0.178883	0.629325	0.9739073	0.7158808	0.9735485	0.1522364	0.0001436	0.4884085	0.4868121	0.0850216	0.6261387	0.2232424	0.6227349	0.999301	0.7326522	0.9999046	0.2235039	0.999589	0.0022619	0.8268119	0.4469317	0.8600853	0.0212216	0.1766836	0.6271392	0.7987329	0.5283758	0.8723854	0.8055616	0.3905559	0.4666995	0.0386316	0.1232802	3e-07	0.0007737	0.0196011	0.0665637	8.75e-05	0.5114009	0.1619409	0.9164645	0.1739769	0.295508	0.4320251	0.9716241	0.3638511	0.0958787
"19"	0.9883297	0.5369388	0.955183	0.785586	0.1167347	0.7196901	0.6387191	0.4891725	0.4345163	0.9540195	0.9395205	0.6365669	0.9632364	0.0166807	0.0393719	0.6018439	0.9999892	0.3965531	0.5194175	0.9217573	0.9699715	0.8087608	0.7965473	0.0063423	0.4966204	0.3362803	0.3755453	0.4921511	0.4913827	0.5325919	0.9980393	0.432545	0.8720938	0.0444402	1	8e-07	0.4585724	0.2751803	0.8639863	0.1198968	0.1962238	0.6824214	0.7311381	0.5934499	0.6412064	0.4670132	0.4397017	0.4684639	0.0386307	0.1470755	0.183422	0.435416	0.08549	0.1537766	0.1157476	0.6977904	0.0540422	0.7253472	0.1932733	0.2897416	0.4308346	0.714792	0.3631941	0.3257279
"20"	1	0.5697341	0.9341921	0.4259919	0.0893092	0.5407749	0.7580687	0.1825507	0.7539876	0.9335475	0.9382736	0.6143903	0.7765153	0.4153263	0.2540303	0.2864136	0.9999901	0.3141594	0.3404889	0.9346831	0.8945246	0.9021383	0.4342137	0.0068572	0.56625	0.467533	0.4349999	2e-07	0.1078085	0.7892914	0.9019348	0.9660361	0.9999446	0.4670003	0.9385055	0.0694472	0.8516577	0.4503735	0.7471072	0.0212973	0.1779939	0.5333144	0.8048351	0.4909731	0.8433148	0.5257491	0.3693181	0.7267397	0.0330686	0.0984497	0.0291381	0.0483632	0.0234073	0.0005534	0.1627462	0.2657521	3.15e-05	0.833422	0.5951694	0.6088941	0.2746455	0.8457783	0.4019782	0.0206283
"21"	0.6515418	0.4155704	0.8434541	0.8440309	0.152474	0.8278136	0.7331496	0.5505759	0.6933359	0.9887417	0.9972558	0.7093525	0.6727121	0.2270554	0.3972056	0.2386806	0.9731659	0.2484173	0.3210627	0.9951076	0.9519848	0.8213174	0.4257261	0.0141961	0.5512776	0.4847882	0.3097597	0.2110618	0.1252779	0.4474123	0.9992288	0.5108957	0.8514974	0.3134238	0.9996051	0.0036518	0.7798276	0.5845773	0.588745	0.0003203	0.1603386	0.8413661	0.6815329	0.5515831	0.7577291	0.5369651	0.6385849	0.3949255	0.0001083	0.0799295	9.57e-05	0.0126715	0.0246948	0	2e-07	0.4159489	0	0.7602169	0.116027	0.2173625	0.9999142	0.9992665	0.4953243	0.0456891
"22"	1	0.2622032	0.943465	0.9511278	0.2131375	0.8434052	0.2864874	0.4967131	0.2948277	0.8075992	0.8779525	0.4232213	0.7401215	0.152774	0.3829503	0.1679198	0.9740554	0.4858621	0.7426863	0.9527868	0.9631748	0.6312012	0.4451009	0.0064217	0.5861862	0.1527883	0.2729713	0.2774144	0.1562004	0.7074867	0.9728789	0.5772382	0.8468501	0.3050859	0.7601165	0.0072742	0.8739471	0.809581	0.6238502	0.0234441	0.0389679	0.2950417	0.0102826	0.3211628	0.8642257	0.8676644	0.1467633	0.7828735	0.0386316	0.3080822	6.25e-05	0.0095489	0.0196001	0.00075	0.5169469	0.7113438	0.2028883	0.8570353	0.325633	0.817285	0.4320251	0.9803471	0.3638538	0.2093694
"23"	1	0.4357211	1	0.8264064	0.0992458	0.3466125	0.5782762	0.4649701	0.6958101	0.9280895	0.9551984	0.5082314	0.9557437	0.077024	0.0831037	0.5446893	0.9999855	0.6830093	0.2790523	0.6208097	0.7511475	0.9398994	0.2970868	0.0068487	0.5622606	0.4133925	0.2174822	0.07405	0.1389978	0.4121388	0.8294023	0.399947	0.6229622	0.050535	0.9015275	0.115214	0.4470548	0.2592799	0.72215	0.5206555	0.2018795	0.4681627	0.8345103	0.4785934	0.5963446	0.7026524	0.546147	0.4649984	2.72e-05	0.1040912	0.2830725	0.4886681	0	0.0460373	0	0.7920543	0.3600779	0.6638766	0.1333941	0.3646974	0.7127349	0.9970445	0.4588204	0.095816
"24"	0.866889	0.7711067	0.9321761	0.7512317	0.1529173	0.6426422	0.6934344	0.1952419	0.615324	0.989196	0.9526172	0.550042	0.4484173	0.5344814	0.1355706	0.8958152	0.9999363	0.3242298	0.3555369	0.9926551	0.9940327	0.4976193	0.4647289	0.0044101	0.3907004	0.3959804	0.8171482	9e-07	0.0748789	0.4243793	0.9998769	0.6979345	0.5277869	0.0510916	0.8934794	0.1658353	0.7414756	0.590899	0.8067675	0.0008269	0.218582	0.7094938	0.6116534	0.3136757	0.6544339	0.5391888	0.5492241	0.4548456	0.0280581	0.4628434	0.0188219	0.1378528	0.0041778	0.0004013	0.0172555	0.4353349	4.52e-05	0.6935422	0.3139418	0.7549327	0.3423432	0.9638284	0.3166368	0.1763813
"25"	0.9673067	0.2565449	0.9294672	0.9954931	0.1868756	0.2391968	0.7938342	0.3847904	0.4572232	0.985103	0.9124612	0.519937	0.9367772	0.1410239	0.194395	0.6270783	0.9733159	0.2650129	0.5709857	0.9977809	0.7608413	0.8826228	0.5696059	0.00417	0.5450367	0.1305346	0.3979532	0.6927475	0.3919619	0.5295297	0.8855158	0.7875254	1	0.1621602	0.9462278	0.0004639	0.6616131	0.6081502	0.6705195	0.3520713	0.1409103	0.887637	0.5707021	0.6731122	0.6707061	0.5836202	0.4565779	0.4570284	3.18e-05	0.0845155	0.1789009	0.127865	0.064586	0.0068553	1e-07	0.2137234	0	0.8592862	0.28439	2e-07	0.7831495	0.9979779	0.7141633	0.0908351
"26"	1	0.2029306	0.9341951	0.6541824	0.1027267	0.4230746	0.6382619	0.1173135	0.6780162	0.9642913	0.9301712	0.5386066	0.9447866	0.5246738	0.2357096	0.4423032	0.9999879	0.2617654	0.5348459	0.9973268	0.9191248	0.9097822	0.3914799	0.0066283	0.5729382	0.4730335	0.2230586	0.4932543	0.0013619	0.7151356	0.7470193	0.2217979	0.9132109	0.2455074	0.8366066	0.1585258	0.5655583	0.3957487	0.6857147	0.5014487	0.0910719	0.4010892	0.0443369	0.4014345	0.6449296	0.4520004	0.4039309	0.6769132	0.0386296	0.127376	0.7200861	0.0008464	0.4664396	0.2976361	0.015344	0.05114	0.3659605	0.9999593	0.1820552	0.5897813	0.2828218	0.9502279	0.2524251	0.6580087
"27"	0.9838422	0.2643257	0.9319245	0.9172967	0.0956907	0.2022025	0.4008712	0.0328004	0.5100173	0.8923982	0.9923508	0.7639587	0.9501854	0.3709076	0.0606642	0.0936012	0.9999769	0.5545976	0.5128659	0.8991596	0.9999992	0.6663416	0.6779258	0.0061962	0.570243	0.4723683	0.2868015	3e-07	0.0663394	0.428195	0.7241601	0.9623184	0.6376964	0.0444451	0.9998795	0.0011171	0.8288482	0.3644158	0.9310317	0.0017938	0.1860257	0.7829734	0.7713819	0.6769616	0.7627554	0.6069148	0.2039179	0.6881936	0.0320043	0.3828703	0.2327213	0.013239	0.0111737	0.0005191	0.3976307	0.3610689	0.000142	0.9430533	0.269292	0.4182453	0.436939	0.9810609	0.3665508	0.7066844
"28"	0.9955326	0.2634237	0.9335799	0.9127514	0.2205435	0.4626351	0.7803068	0.4847049	0.3885081	0.8518113	0.9555272	0.7643156	0.8308303	0.5352987	0.2042361	0.3773415	0.9733043	0.2849641	0.5757966	0.9976337	0.9902166	0.7824108	0.4614247	0.0040683	0.5969511	0.4814812	0.4201199	0.3222261	0.0757988	0.7139692	0.9999455	0.4012565	0.6657489	0.2247332	0.507981	0.1925193	0.759926	0.3355506	0.8023775	0.0026156	0.1775934	0.4982039	0.7356768	0.4904162	0.8844882	0.7537329	0.5243281	0.4643645	0.0386321	0.2680666	0.0153981	0.1222458	0.0254966	0.1253511	0.1517593	0.9999984	0.0678319	0.9624397	0.2459139	0.3782855	0.432089	0.7536804	0.3638899	0.2847551
"29"	1	0.4589519	0.9341951	0.6520791	0.064158	0.3301413	0.8837327	0.1530933	0.7376883	0.9316924	0.9356144	0.5848538	0.9505017	0.2581125	0.193239	0.6146469	0.9999905	0.8743269	0.885218	0.2824473	0.7754584	0.3703405	0.3925822	0.0001435	0.2242179	0.4281102	0.5653905	0.1398605	0.1591165	0.7443705	0.9996771	0.5718771	1	0.0662022	0.7232948	0.2795823	0.5482874	0.1870855	0.7084843	0.282687	0.0370754	0.858025	0.2182561	0.5998358	0.7766295	0.5314136	0.4049054	0.5853992	2.75e-05	0.0692104	0.0129227	0.1124803	0.3221628	0.0224324	2.04e-05	0.1814345	0.6606802	0.9785447	0.3159317	0.4487156	0.9052756	0.9949726	0.4865608	0.1411786
"30"	1	0.324665	0.9341953	0.9184905	0.3134822	0.8899936	0.3991565	0.5208674	0.2928258	0.8370119	0.8508656	0.6733366	0.9731216	0.102457	0.0514422	0.1524817	0.9733029	0.2368219	0.2745409	0.9380105	0.975815	0.5293403	0.4485216	0.0063566	0.469435	0.4862802	0.2611708	0.3472559	0.0386495	0.5096453	0.9481	0.6153627	0.6387139	0.0593687	0.790854	1.9e-06	0.8233424	0.5893821	0.9308629	0.0175131	0.056091	0.6775664	0.1925953	0.6217084	0.7120071	0.5220794	0.4604623	0.7182498	0.0386316	0.1420523	0.1806779	0.2444361	0.0196014	0.0781535	0.1213222	0.4493567	0.0654272	0.6410398	0.1864513	0.316933	0.2859905	0.9585782	0.2554354	0.3296316
"31"	1	0.5900764	0.9820451	0.7324658	0.1240056	0.5079298	0.2606288	0.4962251	0.5897736	0.9326524	0.940548	0.705223	0.9477904	0.2869745	0.2939719	0.100345	0.9958799	0.8689147	0.81056	0.4091398	0.9999478	0.7410604	0.9043449	0.0056114	0.0931919	0.2685135	0.6034813	0.0844917	0.2461194	0.6158814	0.9991418	0.7674868	0.8763098	0.0815153	0.6085163	0.5436817	0.7247398	0.6310498	0.6057044	0.0038245	0.1882999	0.7282157	0.7106594	0.5230954	0.6958785	0.4729967	0.3247203	0.4736624	0.0386299	0.0903443	0.138953	0.3682588	0.3341446	0.4862869	0.0092847	0.3329332	0.0001069	0.867832	0.672732	0.6302607	0.3613917	0.9682144	0.3187474	0.1549732
"32"	0.720872	0.1286993	0.8704221	0.5707557	0.148242	0.8754876	0.7933727	0.2931277	0.6115344	0.9849989	0.9855773	0.8276095	0.851791	0.2733403	0.2915129	0.0399097	0.9999548	0.7444625	0.7969264	0.6231559	0.8795462	0.7467818	0.5187202	0.0045406	0.5588092	0.4733034	0.1408325	0.2658817	0.1253139	0.4620947	0.7520963	0.6432581	0.9440694	0.2509618	0.999817	0.0018719	0.8640238	0.4165181	0.8665618	0.0011057	0.2401644	0.4591333	0.9510517	0.3394994	0.652381	0.6369335	0.2575046	0.5079802	7.8e-05	0.688382	0.2124092	0.5230409	0	0.5254723	0.0726616	0.1724543	0.2741339	0.8919128	0.0081429	0.1551839	0.6652067	0.9960902	0.4488155	0.0686817
"33"	0.883206	0.6435366	0.9145629	0.6284656	0.1765325	0.6631936	0.5667349	0.3734754	0.5400587	0.9870248	0.9388521	0.7316873	0.9340507	0.2364404	0.3459291	0.0905966	0.9733072	0.2238169	0.5710345	0.9974488	0.9999989	0.8361731	0.5848033	0.0075934	0.5578917	0.3794154	0.2708157	0.1988639	0.2839979	0.5639704	0.9982619	0.8466186	0.9999126	0.2039022	0.7163249	0.0011509	0.9857557	0.3037869	0.4714635	0.3833188	0.2023953	0.7222543	0.5511406	0.50272	0.7747632	0.5961988	0.178889	0.422504	0.0386464	0.2793128	0.2928156	0.601531	0.0104582	0.060159	0.1909372	0.5334665	0.3125842	0.7958465	0.2298808	0.7828022	0.4208186	0.8502383	0.3574983	0.0828039
"34"	1	0.3331621	0.9754239	0.7556644	0.0371147	0.1889923	0.7913936	0.2572153	0.9723884	0.9846655	0.9673007	0.5312419	0.5787309	0.1184786	0.1830249	0.4404533	0.9733182	0.1744785	0.2294493	0.9386369	0.8093607	0.9075366	0.4358723	0.0080146	0.6004682	0.4868147	0.0728973	2e-07	0.0017492	0.5590313	0.8553403	0.5899881	0.9999046	0.0807189	0.6134598	0.2506529	0.6322039	0.2912587	0.6828591	0.3383051	0.1838848	0.4098861	0.6927428	0.4990397	0.6694396	0.4469764	0.3667515	0.7661809	0.0386316	0.2145605	0.1664234	0.4092784	0.0196008	0.00075	0.0007573	0.9592163	0.1767747	0.8392143	0.2703499	0.4262833	0.1670442	0.9367884	0.1253477	0.309241
"35"	1	0.6441615	0.9791489	0.5405227	0.0321633	0.3588409	0.632024	0.3242745	0.9274242	0.9978274	0.9863407	0.6010356	0.5834376	0.2843765	0.133439	0.3414747	0.9999935	0.433953	0.4493454	0.9096825	0.5952921	0.9942881	0.0559922	0.013104	0.5728447	0.4129596	0.1557683	0.1006501	0.011976	0.5152914	0.9999996	0.1909878	0.981716	0.0783258	0.6291811	0.1350673	0.9447881	0.2272342	0.6943826	0.008002	0.1253743	0.8021986	0.4170038	0.6396512	0.8916732	0.8401214	0.3725803	0.7243394	2.37e-05	0.5445525	0.5185292	0.4903851	0.2997373	0	0.0002091	0.3957319	0.2064659	0.6638358	0.3197133	0.1057638	0.782381	0.9979702	0.6882161	0.1280322
"36"	0.7863296	0.3578664	0.891121	0.8746926	0.2366753	0.2602778	0.7489076	0.3771507	0.5085634	0.9432144	0.9655386	0.5430076	0.921924	0.4255278	0.3561187	0.0444453	0.999964	0.2827874	0.4930002	0.9348099	0.9711543	0.8469326	0.4441994	0.0026942	0.4684088	0.4047538	0.4347559	0.0848076	0.062701	0.336266	0.70427	0.7265693	1	0.0531834	0.8650179	0.183834	0.8916057	0.4692151	0.7233481	0.0114677	0.2287185	0.7467371	0.9402865	0.4457505	0.6820373	0.7827631	0.4591206	0.3747256	2.74e-05	0.4849419	0.3362934	0.082777	0	0	0	0.5445646	0	0.4702894	0.2365456	0.1967118	0.774417	0.9978943	0.4696116	0.0766683
"37"	0.9427986	0.3576255	0.9961649	0.7262828	0.1261024	0.6312346	0.7527631	0.1139279	0.4699161	0.8673947	0.9228226	0.6034425	0.7695385	0.6240251	0.2056637	0.4851666	0.9999867	0.8014255	0.4575832	0.3972164	0.8167631	0.9356486	0.2699597	0.0028202	0.3474465	0.2856136	0.8230443	0.1193121	0.2392051	0.4630128	0.9989537	0.9071631	0.9999083	0.4757752	0.4243378	0.067808	0.9611575	0.847945	0.6366696	0.3417085	0.0708964	0.427975	0.0679262	0.4301371	0.9152262	0.8390305	0.4607895	0.4439815	0.0386355	0.3507769	0.0250926	0.1555983	0.0145227	0.0007501	0.1845763	0.6846265	0.4377132	0.7669769	0.1158083	0.8364746	0.4332216	0.9793365	0.4693947	0.0902385
"38"	0.8695798	0.7686093	0.9354105	0.5314235	0.1304094	0.4047633	0.3978854	0.1372088	0.6882432	0.964732	0.9991659	0.5453088	0.8022716	0.2476967	0.2824309	0.4065948	0.9999838	0.2009893	0.400203	0.9376803	0.9461591	0.7923105	0.8364468	0.0009084	0.5726134	0.2000968	0.1962069	2e-07	0.0207605	0.8272727	0.9999953	0.3340481	0.868772	0.059847	0.7857114	0.2676646	0.7722383	0.6379148	0.6509872	0.392597	0.1993049	0.5587935	0.8000372	0.4060469	0.8953276	0.7864421	0.4283644	0.4122674	3.64e-05	0.1097598	0.1202746	0.3114361	0	0	0.2446773	0.5991674	0	0.7857712	9.29e-05	0.0451663	0.9487274	0.9990877	0.490867	5e-07
"39"	0.7672604	0.1382572	1	0.9242036	0.1776403	0.8993188	0.8002344	0.2964653	0.6517125	0.9873842	0.9448776	0.7647241	0.5626709	0.2501909	0.2974225	0.7841679	0.9999791	0.0904304	0.5397686	0.9366969	0.931599	0.824458	0.5144179	0.0102295	0.4624102	0.34833	0.526178	0.4268433	0.1186682	0.4897601	0.9731864	0.7585178	1	0.2534771	0.9996874	0.0024585	0.9971982	0.7438761	0.6306754	0.0001134	0.2390225	0.5235313	0.8013179	0.5946196	0.673333	0.4937895	0.3252334	0.4400455	0.0044703	0.0887306	0.0054035	0.0787332	0.2772397	0.2362385	0.029197	0.8860122	0.2782562	0.5317191	0.4499762	0.3878712	0.8087798	0.5381027	0.5063005	0.0762652
"40"	0.9520996	0.3400461	0.9270812	0.8440387	0.0766498	0.6047698	0.6631432	0.733967	0.9091198	0.9859283	0.9517805	0.5400588	0.5745851	0.3446116	0.4154343	0.3094142	0.9733147	0.0404529	0.534074	0.9384714	0.8445392	0.9265688	0.3042501	0.0065392	0.5915706	0.4369517	0.852763	0.0502276	0.1188803	0.381613	0.4583904	0.8058249	0.9999076	0.0570154	0.8173672	0.1851675	0.4635651	0.1818856	0.6936182	0.3580376	0.2094718	0.8048154	0.9070447	0.559019	0.5911535	0.3975414	0.3605007	0.4588694	0.0386368	0.0286398	0.0011074	0.0362573	0.0153034	0.0007502	0.4409339	0.6550227	0.000114	0.8670451	0.0923225	0.2467018	0.3716641	0.96258	0.6239417	3.2e-06
"41"	1	0.4216192	0.9341953	0.9492938	0.0798757	0.210353	0.8914083	0.0656649	0.8225771	0.9406147	0.9592887	0.5150634	0.7350232	0.1872421	0.2914172	0.427944	0.9999917	0.4942058	0.5046794	0.8766132	0.8970398	0.9162683	0.3668141	0.0013435	0.4931407	0.4069085	0.0868332	0.2534933	0.6643443	0.8571853	0.99792	0.3367135	0.9999999	0.0631369	0.7520355	0.2429702	0.7463094	0.2066607	0.6522544	0.0955921	0.0664524	0.7666433	0.2262748	0.7769847	0.8270124	0.5495708	0.439065	0.4728455	0.0051709	0.3473196	0.0196759	0.1371478	0.00011	0.122723	0	0.4702793	1.9e-06	0.9134258	0.077721	0.2278546	0.3245141	0.8442201	0.2898459	0.3452522
"42"	0.6153551	0.6669034	0.902284	0.3758968	0.2910328	0.6789087	0.5942323	0.4133637	0.3977206	0.8015153	0.9145841	0.754559	0.6225429	0.3561133	0.1465159	0.3443431	0.9731648	0.3220442	0.452163	0.9902968	0.9635404	0.3435342	0.7664149	0.0119053	0.5948284	0.2311109	0.2708983	0.5980027	0.044842	0.4648213	0.9998635	0.7903941	0.9999996	0.2859485	0.9715447	0.0028382	0.6946618	0.5849417	0.5526684	0.0735859	0.1341908	0.7948019	0.5434375	0.349744	0.5546409	0.5022466	0.3483827	0.2841598	0.0091532	0.4922761	0.0961917	0.3385799	0.0976218	0.5812183	0.0020044	0.3792809	0.0963496	0.1932253	0.1262144	0.8970643	0.7240385	0.516107	0.936843	0.3279518
"43"	0.9021004	0.2401409	0.918296	0.8940802	0.1482937	0.3277086	0.6181841	0.771306	0.5958784	0.9409997	0.9310082	0.5765238	0.6916829	0.3656006	0.4114463	0.1498553	0.9733096	0.0191614	0.0835046	0.9381037	0.9570177	0.8792233	0.4306863	0.0047187	0.5999966	0.4862514	0.246351	0.3714083	0.0255035	0.6360392	0.5239305	0.0950007	0.9999112	0.0654008	0.730576	0.3279352	0.5360535	0.3806624	0.6810808	0.0713566	0.0644246	0.7687409	0.0092769	0.5896144	0.815144	0.5538372	0.4773509	0.4330508	0.0386434	0.2082537	6e-06	0.003288	0.0116464	0.0007504	1.7e-06	0.2833823	0.0564121	0.7178211	0.1889346	0.2924298	0.0895104	0.997025	0.0424934	0.5371815
"44"	0.2453244	0.4067531	0.6604605	0.3486488	0.5562863	0.5930202	0.4058583	0.891072	0.6517647	0.7824547	0.8891389	0.7139572	0.3356505	0.7471194	0.660612	0.8145525	0.9704164	0.5585007	0.7224916	0.7845838	0.9930514	0.7375381	0.4640646	0.0837544	0.2955364	0.465972	0.5528	0.0941456	0.1014471	0.4749031	0.9922592	0.7441575	0.918778	0.0567297	0.8207063	2e-07	0.5125676	0.7916145	0.8136114	0.135883	0.469841	0.3858218	0.9106603	0.7189669	0.2396373	0.9742233	0.9537148	0.0497044	0.0027007	0.3901932	0.2224408	0.1624577	0	0.0606484	0.6406021	0.945397	0.320715	0.7052749	0.2618221	0.1906728	0.9955568	0.999252	0.7048678	0.2046315
"45"	1	0.8627404	0.9629647	0.7148455	0.1282641	0.6122804	0.9247827	0.5609098	0.5753552	0.9056257	0.9310867	0.5848157	0.9535491	0.5130231	0.2910324	0.1042223	0.973317	0.4013739	0.3999528	0.9849133	0.9193495	0.8689816	0.6116312	0.006764	0.5694721	0.4587626	0.7215752	0.7945434	0.2600756	0.4779331	0.998994	0.9509678	0.948089	0.2395106	0.5112232	0.4915581	0.9165995	0.5079644	0.799912	0.0084021	0.1851684	0.5753597	0.8278338	0.6610269	0.7301138	0.7987952	0.3237492	0.6167226	2.57e-05	0.0144574	0.0968967	0	0.3407466	0.3448772	0.0002411	0.3533164	0.1341887	0.8115324	0.0069773	0.1213342	0.8909921	0.7439509	0.558311	0.4284497
"46"	1	0.8601688	0.9815166	0.8211706	0.0445465	0.4085918	0.4957935	0.1757555	0.8683356	0.9942119	0.9317658	0.5332012	0.493595	0.2951638	0.4615235	0.2973379	0.9999893	0.4484755	0.3177257	0.9670233	0.9243988	0.8595109	0.5162257	0.0065849	0.5196653	0.1689467	0.3186991	3e-07	0.1781424	0.6010994	0.8022126	0.9996077	0.9999999	0.1377755	0.9999866	0.0002284	0.6167311	0.2703181	0.8876856	0.0033656	0.1860493	0.7290385	0.8384971	0.561697	0.7190715	0.5067345	0.4418119	0.4733239	0.004526	0.3863489	0.3280096	0.2081433	0.2155019	0.2821382	0.0089394	0.7235919	0.3292256	0.9998926	0.2219749	0.6534876	0.6942792	0.754125	0.8410174	0.0741146
"47"	1	0.5461714	0.9341953	0.7913971	0.1051589	0.7518967	0.6480453	0.2040911	0.6662501	0.9922647	0.9491285	0.8279261	0.8329027	0.3228167	0.3085347	0.2905269	0.9733137	0.4765381	0.4988414	0.9613592	0.9406199	0.882299	0.524132	0.0064789	0.5995906	0.4866102	0.2031975	0.6194818	0.037529	0.3338541	0.999986	0.4651601	0.838641	0.0486769	0.9292752	0.0794991	0.8866719	0.5311041	0.8852167	0.0005062	0.1762899	0.7402162	0.5313834	0.5320822	0.8866799	0.5671839	0.4321635	0.602616	2.99e-05	0.1039694	0.1910875	0.4454624	0	0.1330025	0	0.8654437	0.1761094	0.8273951	0.2831981	0.1685912	0.7581378	0.7985115	0.4669725	0.0727413
"48"	1	0.7290954	0.9961794	0.6302864	0.1294368	0.4896844	0.9478582	0.2527693	0.5015844	0.9603857	0.9177185	0.5106598	0.9521036	0.5361276	0.3397575	0.0997545	0.9999901	0.2355706	0.6168275	0.9381211	0.9520626	0.6376303	0.4258019	0.0017775	0.5722756	0.4527597	0.6299898	3e-07	0.032843	0.410416	0.9999923	0.3347401	0.9999046	0.0755886	0.6480233	0.2574015	0.9158592	0.4114183	0.6063225	0.0923678	0.081138	0.8153405	0.107712	0.5891715	0.8878718	0.5439053	0.1113087	0.4738484	0.0386296	0.1032097	0.2271979	0.1531867	0.019433	0.059793	0.052599	0.7052238	0.5200804	0.971894	0.3363501	0.6269674	0.4320122	0.6842067	0.5376094	0.2637279
"49"	0.2266352	0.6772691	0.6405642	0.6274335	0.9388908	0.8334204	0.725952	0.7264822	0.3235511	0.9708308	0.9368903	0.769941	0.3379061	0.4110267	0.6874675	0.3108225	0.9248431	0.0798908	0.6230092	0.7171962	0.9109114	0.6933268	0.5881175	0.1067808	0.6364718	0.4514494	0.6192039	0.176119	0.0919675	0.4891985	0.9925803	0.9189257	0.5276348	0.312657	0.9513385	0.2293819	0.8165292	0.6958856	0.6477814	0.2455348	0.4302651	0.1090513	0.9967276	0.1269555	0.5206795	0.3709084	0.8101674	0.3871496	0.0426416	0.5930394	0.4303463	0.2367898	0.1786147	0.0009604	0.396674	0.6653271	2.02e-05	0.7109064	0.0064468	0.8667292	0.3936654	0.9703617	0.4976051	0.357636
"50"	0.5590911	0.7060611	0.8957736	0.3125103	0.3534602	0.5281785	0.367923	0.3003793	0.5568142	0.8279897	0.9656989	0.6622857	0.3245658	0.5074066	0.6106113	0.4661655	0.9729045	0.036966	0.0707507	0.9889572	0.5216898	0.3565921	0.2369329	0.0322023	0.4728377	0.3332858	0.6563955	0.2425013	0.3327314	0.3808868	0.9893894	0.9493483	0.8064756	0.1621673	0.5666599	0.076228	0.8119419	0.5514388	0.6608129	0.2050946	0.2608952	0.9138794	0.9631029	0.4189063	0.9005611	0.6285469	0.780207	0.2417208	0.0387969	0.4854032	0.2216494	0.2185905	0.0010175	0.2851164	0.1364581	0.9358135	0.0410063	0.7784802	0.5152166	0.2728126	0.4533161	0.7730315	0.3752002	0.5314823
"51"	1	0.6763303	0.9341951	0.6663313	0.0730699	0.2927068	0.7104944	0.20826	0.6136075	0.9887638	0.9269487	0.5258038	0.9788512	0.4796601	0.1213246	0.0217095	0.9999895	0.5194993	0.2624559	0.9204907	0.7378512	0.6624841	0.1758762	0.0090097	0.5594137	0.2242349	0.0791262	0.4368235	0.1586776	0.422173	0.999647	0.6912798	0.8709377	0.09687	0.9776183	0.0342132	0.8903914	0.5377908	0.6756817	0.3424266	0.1772729	0.3697846	0.7801582	0.3683554	0.8619947	0.5955352	0.3258875	0.470515	0.0386296	0.2010187	0.0048681	0.071337	0.0195988	0.0361823	0.0484251	0.7978737	0.1143025	0.9295017	0.2502731	0.3833463	0.432026	0.9803473	0.3638525	0.1310839
"52"	1	0.8421217	0.9341951	0.6594984	0.1535699	0.3687088	0.9091536	0.3259593	0.5044678	0.9920575	0.971421	0.521306	0.4918599	0.4902344	0.2546444	0.0119528	0.9999891	0.3284844	0.5027706	0.995232	0.9989849	0.8599996	0.6375823	0.0060227	0.5646601	0.2085169	0.6786708	0.3946142	0.1209013	0.3987446	0.6836607	0.9281742	0.9508591	0.4182304	0.6581024	0.2101574	0.9590582	0.367355	0.7105048	0.1322239	0.1757653	0.7474808	0.7864518	0.5533433	0.8962761	0.9138749	0.4504055	0.4655194	0.0386296	0.0641468	0.1355987	0.287819	0.0850019	0.0687991	0.0043943	0.4153736	0.5317672	0.9758282	0.0618556	0.4799974	0.2186938	0.7697866	0.50846	0.272689
"53"	1	0.8904117	0.992398	0.2306719	0.3048554	0.7563208	0.578544	0.2053638	0.2920299	0.8140554	0.8172497	0.4251507	0.9308229	0.6730498	0.345964	0.0919472	0.9733182	0.6701369	0.536855	0.6466845	0.7597401	0.7219283	0.2008556	0.0088269	0.6001391	0.471403	0.5599497	0.0457441	0.0228695	0.329254	0.9999955	0.4159153	0.9999769	0.2667865	0.9563432	0.0538464	0.8577792	0.4948895	0.8570566	0.003839	0.0810668	0.2662077	0.1787362	0.6762575	0.7926389	0.5368273	0.439703	0.4729882	0.0257281	0.1554271	0.2521925	0.3936496	0.2524774	0.0006198	0.3405293	0.153498	1.3e-06	0.8801379	0.3254976	0.5533347	0.1244333	0.9839299	0.1152357	0.3455987
"54"	0.6851602	0.6838309	0.9524999	0.4211693	0.1534989	0.670876	0.3721641	0.5199087	0.8467386	0.9072247	0.934431	0.5815117	0.7353629	0.6812041	0.3835485	0.188199	0.9732388	0.2115095	0.248308	0.9343069	0.9800583	0.4797341	0.4523884	0.0127281	0.5059023	0.4715593	0.5141431	3e-07	0.4122618	0.4146518	0.9929201	0.7198675	1	0.1270244	0.4157341	0.3652293	0.904777	0.2891294	0.6556651	0.0022925	0.2571892	0.4755816	0.9621224	0.3482595	0.7612125	0.4641844	0.3550849	0.3276985	9.22e-05	0.5651543	0.1166312	0.051755	0	0.0180566	0	0.4680644	0.4660978	0.6836949	0.0420881	0.4453888	0.9999722	0.9992666	0.5029312	0.0964812
"55"	1	0.5916928	0.9341951	0.6593987	0.1152221	0.6088434	0.7585772	0.5760543	0.6225437	0.9177609	0.9662298	0.5023278	0.8774772	0.5081563	0.0896672	0.0887254	0.9999863	0.4797526	0.5482074	0.8863664	0.9959507	0.8610748	0.6317394	0.0058887	0.4992067	0.4729927	0.234797	0.0880857	0.5058341	0.9245695	0.6867689	0.6743761	0.5685164	0.1245991	0.9999989	5.06e-05	0.9999998	0.5260173	0.7619412	0.1533621	0.0327264	0.7164698	0.2182318	0.4394715	0.8941843	0.5972975	0.5002283	0.6384659	1.3e-05	0.0825024	0.0102635	0.1009689	0.0699367	3e-07	0.3400173	0.7597949	0.4184653	0.8723024	0.1276287	0.4993206	0.88241	0.9987664	0.6455098	0.0060352
"56"	1	0.4001052	0.9469686	0.8932119	0.176273	0.4056809	0.5528878	0.0835147	0.311763	0.903774	0.8423352	0.4654766	0.936658	0.2879944	0.2759053	0.317121	0.9999674	0.0019064	0.4431882	0.9989797	0.9921347	0.4117176	0.463089	0.0061823	0.2959853	0.4707794	0.4093434	0.4479989	0.0012415	0.5679579	0.8772407	0.0378873	0.5447575	0.4241293	0.7795909	0.205759	0.8818713	0.5592076	0.7314541	0.2175471	0.0678045	0.7966829	0.2268318	0.4282286	0.7157729	0.4240458	0.2522088	0.4715223	0.0386296	0.1206309	0.1027308	0.3115475	0.3059943	0.2311244	0.404603	0.3266147	0.1310565	0.4755514	0.6403531	0.4356619	0.2624336	0.8026089	0.5206131	0.2139449
"57"	0.7719265	0.6036938	0.8869358	0.6591004	0.1090304	0.2929514	0.2913055	0.2037246	0.7939914	0.9881383	0.9346807	0.5790716	0.7972816	0.4465279	0.3231071	0.2587175	0.9732826	0.2843576	0.5763417	0.99447	0.9973264	0.5708814	0.5593996	0.00986	0.2145715	0.4285217	0.2526315	0.5262024	0.2132292	0.697689	0.8422161	0.9107169	1	0.412549	0.9903803	0.0245098	0.8028148	0.6362562	0.7989125	0.0115793	0.2407102	0.250671	0.9541937	0.3256869	0.647736	0.7855046	0.4789484	0.5984821	5.22e-05	0.6996504	0.082379	0.2929231	0.089592	0	9.55e-05	0.8422147	0	0.5624289	0.1630479	0.0455627	0.9975642	0.2153975	0.495133	0.0407931
"58"	0.8910089	0.2748607	0.9364016	0.8732155	0.1411646	0.2957349	0.6240747	0.4015781	0.6282495	0.9910637	0.9645481	0.6141455	0.9401832	0.7027466	0.3054032	0.2324715	0.9733082	0.4616682	0.2598996	0.95872	0.9849836	0.6319752	0.4568044	8.46e-05	0.4285808	0.4175231	0.5741849	0.2611867	0.3752347	0.4850624	0.9980002	0.4703419	0.999912	0.0542876	0.8506414	0.0879686	0.6022389	0.3207282	0.8868402	0.0392408	0.2149598	0.5219979	0.8936247	0.4474219	0.6287051	0.3852213	0.2875507	0.5584172	0.0386451	0.4711182	0.1706978	0.4269112	0.0109381	0.1384247	1.49e-05	0.558957	0.2005947	0.8736677	0.3933459	0.6396436	0.3140424	0.9605189	0.2809639	0.6008356
"59"	1	0.2921115	0.9341953	0.908226	0.0424457	0.2129068	0.8760678	0.1534667	0.8188926	0.9946754	0.9313945	0.5326726	0.9698224	0.7014553	0.3390227	0.086314	0.9733174	0.5714223	0.7289484	0.8687565	0.9115452	0.9119676	0.3831539	0.0068331	0.6004697	0.4567634	0.7334086	0.4475715	0.0015263	0.6068998	0.7664885	0.1957382	0.9670426	0.6871606	0.3562765	0.4720753	0.8584682	0.1693739	0.8628111	0.0118971	0.0614943	0.2586367	0.0070852	0.7758343	0.7226078	0.7704863	0.4505197	0.4662804	2.07e-05	0.0307184	0.0040945	0.0658309	0.2536158	0	0.000456	0.6127776	0.0396285	0.6094226	1e-07	0.0076084	0.9026506	0.8657082	0.9485411	0.0707328
"60"	1	0.6277924	0.9875123	0.3594567	0.0441666	0.2556532	0.821345	0.205301	0.9597759	0.947937	0.9583497	0.838315	0.962571	0.26601	0.2789791	0.2936686	0.9999909	0.5955936	0.4326879	0.8621378	0.9638181	0.8536459	0.69522	0.0062684	0.5358346	0.4694512	0.3987423	0.1127418	0.30119	0.8760251	0.9988502	0.6454628	0.9999046	0.2495472	0.4701903	0.0038079	0.91021	0.4220301	0.7136166	0.047979	0.0630745	0.5199384	0.2092233	0.4876524	0.7296709	0.735148	0.2430346	0.6282802	0.0386296	0.1965333	0.3768891	0.6083813	0.0195989	0.1262142	0.1445717	0.7888742	0.0001377	0.8890803	0.2335153	0.3618841	0.3895416	0.9675796	0.7066008	0.1283725
"61"	0.7354414	0.6237388	0.8754106	0.5094081	0.1907951	0.4870381	0.8422849	0.2982393	0.4550788	0.83604	0.9709553	0.5406749	0.5439923	0.6778832	0.1906569	0.6603774	0.9732682	0.3096756	0.369446	0.9321046	0.9485501	0.8107857	0.5250987	0.0111673	0.5901097	0.4867842	0.1437378	0.4825626	0.1061456	0.6082831	0.7695985	0.8142842	0.9999259	0.0444401	1	6e-07	0.3342035	0.2674537	0.6699905	0.0820611	0.2460663	0.8045272	0.9591514	0.4392855	0.695812	0.5284676	0.5377202	0.4711018	0.0386824	0.3784072	0.0001857	0.016732	0.0041185	0.0007519	0.0567124	0.4605122	2.66e-05	0.7852592	0.0684054	0.2650361	0.2581642	0.8926347	0.6530232	0.1506414
"62"	0.9051156	0.5710879	0.9188698	0.7779259	0.0974724	0.7161776	0.5811315	0.3477597	0.8085085	0.9966318	0.9995503	0.5512174	0.5553565	0.4990685	0.3122976	0.6599838	0.97331	0.3128382	0.2948935	0.9943169	0.9329499	0.8874235	0.4062713	0.0077757	0.5829431	0.486791	0.1304676	0.1017403	0.1659425	0.7410721	0.9271162	0.9994664	0.999911	0.2220075	0.9997421	0.0018069	0.9085134	0.5935896	0.5910475	0.0128915	0.1048749	0.3898212	0.3301103	0.4390629	0.8064957	0.4840613	0.3100081	0.4382125	0.038643	0.2278728	0.1806023	0.2259729	0.0118452	0.0007504	3.81e-05	0.6724308	0.1078963	0.4795042	0.2930911	0.7763647	0.4341349	0.9806358	0.3650206	0.4334477
"63"	0.9603943	0.6015415	0.928398	0.7099421	0.0441618	0.7304955	0.8054319	0.3087567	0.8605857	0.9421976	0.9849362	0.736407	0.63859	0.5303824	0.4035611	0.2443181	0.9905037	0.2691838	0.5936258	0.9714733	0.9701083	0.8472291	0.6592572	0.0066852	0.5825098	0.1428243	0.3752445	0.1790695	0.0013238	0.3292035	0.9204065	0.1626661	0.9086104	0.3018665	0.8108848	0.1936299	0.9245824	0.783613	0.838942	0.0001341	0.0933282	0.7315154	0.2484753	0.5209602	0.7214094	0.8575982	0.4302594	0.5922403	0.0386343	0.5885234	0.2133555	0.4358863	0.0159874	0.3516633	0.0001228	0.6917249	0.0001906	0.7079531	0.3369459	0.3680606	0.4328305	0.8193851	0.3642963	0.088635
"64"	0.9457989	0.7822116	0.9260556	0.8847712	0.1225995	0.4133516	0.7819695	0.2178878	0.6418846	0.9379755	0.943847	0.7332859	0.800737	0.1355052	0.2778953	0.288251	0.9999813	0.1306685	0.7171063	0.9991203	0.7912373	0.6941835	0.534262	0.0087348	0.5608421	0.1730458	0.1614536	3e-07	0.0467478	0.3389389	0.8886143	0.3072727	0.7658497	0.5174952	0.9215938	0.0934435	0.5829722	0.3160411	0.9116135	0.0685276	0.1897532	0.3139263	0.6705313	0.2872396	0.793731	0.4294302	0.0636162	0.8267109	0.0386352	0.1268936	0.1414104	0.0008378	0.0147947	0.0007501	0.0778024	0.5829211	0.2297601	0.6860162	0.4537636	0.4839772	0.3004304	0.8894154	0.2886585	0.2803458
